Workbook
Name _4C41940_4: '1'!$A$26

Sheet 1
C2: SAG ALSAHRA
G4: PO Box: 757,4th Floor, Dar Al Atta Building, Ghala Heights, Muscat, Sultanate of Oman
C5: MUD MOTOR INSPECTION REPORT | V5: Report No:
A6: CUSTOMER: | B6: RAY OIL & GAS | J6: LOCATION: | L6: NISWA WORKSHOP | Q6: JOB No: | W6: DATE:
A8: SPECIFICATION: | B8: DS-1 Vol 4 : | D8: Tool Type: | G8: TYPE A | J8: Classification: | N8: CLASS- A1 | Q8: RIG No: | T8: N/A | W8: WELL: | Y8: N/A
A10: INSPECTION PROGRAM: | E10: INSPECTION EQUIPMENT DETAILS: | M10: DETAILS OF CONSUMABLES : | V10: INSPECTION PARTICULARS
A12: Visual Connection Inspection | C12: ü | E12: Equipment | H12: Serial No. | J12: Cal due on | M12: Product | P12: Manufactured by | S12: Date of Expiry | V12: Light Intensity ( LUX ) | Z12: 1400 LUX
A13: Visual Body Inspection | C13: ü | E13: A.C Yoke | H13: MNH25F88 | J13: 01-07-2026 | M13: White Contrast | P13: MR CHEMIE-MR72 | S13: 11/2030 | V13: UV Intensity ( µ W ) | Z13: 1150 µ W
A14: MPI Body Inspection | C14: ü | E14: Black Light | H14: 76414 | J14: 15/03/2026 | M14: Black Ink | P14: MR CHEMIE-MR76S | S14: 07/2030 | V14: Surface Condition | Z14: CLEAN
A15: Liquid Penetrant Inspection | E15: Mag. Coil | H15: 230327 | J15: 15/03/2026 | M15: Fluorescent | P15: MR CHEMIE-MR76F | S15: 07/2030 | V15: MPI System Performance | Z15: OK
A16: Dimensional 3 Inspection | E16: Lifting Block | H16: SAG-TB-001 | J16: 16/07/2028 | M16: Penetrant | V16: Dwell Time ( Min)
A17: Blacklight Connection Inspection | C17: ü | E17: UV Intensity Mt | H17: 250608792 | J17: 15/03/2026 | M17: Developer | V17: Devoloping Time ( Min)
A18: Borescope Inspection | C18: ü | E18: LUX METER | H18: C220092991 | J18: 15/03/2026 | M18: Solvent Remover | V18: Post Cleaning | Z18: DONE
A20: TOOL ID / SERIAL No. | C20: RS-675001 | M20: TOOL DESCRIPTION | S20: 6 3/4" Mud Motor
A21: S/N No | B21: Description | C21: Length (Inch) | D21: Body Cond: | E21: BOX END AREA | O21: PIN END AREA
E22: Conn Type | F22: OD | G22: BoreBack / Float | I22: Counter Bore | K22: Beval dia | L22: FNL / Tong space | M22: Thread Length | N22: Condtion | O22: Conn Type | P22: SRG / Pin Neck | R22: Nose Dia | S22: Cylinder Dia | T22: ID. Champ Dia | U22: Thread Length | V22: TNL / Tong space | W22: Beval dia | X22: OD | Y22: ID | Z22: Condtion
G23: Dia | H23: Length | I23: Depth / Wall | J23: Dia | P23: Dia | Q23: Length
B25: ROTOR ( B x B) | N25: …
B27: STATOR ( B x B)
B29: BEARING HOUSING ( B x B)
Z30: …
B31: BEARING ADAPTOR ( B x B)
B33: OFFSET HOUSING ( B x B)
B35: STATOR ADAPTOR
B36: SPLINED MANDREL (PxP)
B38: ROTOR ADAPTER
B39: DRIVE SHAFT
B40: ADJUSTING RING
B41: CATCHER ROD
B42: STABILIZER SLEEVE
B43: TOP SUB / CATCHER SUB
B44: LOWER ROTATING RADIAL BEARING SLEEVE
B45: LOWER ROTATING RADIAL BEARING RING
... B48: BEARING MANDREL
A50: Abbreviation: PT- Pitted Threads, CT- Corroded Threads, TD - Thread damage , ST - Stretched Threads,GT- Galled Threads ,WT- Worn Threads ,PBB-Pitted Bore Back,RF-Reface ,SD -Shoulder Damage,PS-Pitted Seal,SB -Swelled Box,PSRG -Pitted SRG ,IDP-Pin ID Pitted RC-Rechase ,NDF -No Defects Found
A51: COMMENTS: | B51: The above Mentioned Motor parts has been inspected and No Defect Found During inspection
A55: SUMMARY
A56: READY TO USE | B56: 18 | D56: SHOP REPAIRABLE | H56: NIL | L56: SCRAP | O56: NIL | S56: TOTAL JOINTS INSPECTED | X56: 18
A61: CUSTOMER SIGNATURE | C61: JIJU JAYAPRASAD | K61: DATE | M61: 46115 | S61: INSPECTOR | U61: SHAJIMON P K

Sheet 2
C2: SAG ALSAHRA
G4: PO Box: 757,4th Floor, Dar Al Atta Building, Ghala Heights, Muscat, Sultanate of Oman
C5: MUD MOTOR INSPECTION REPORT | V5: Report No:
A6: CUSTOMER: | B6: RAY OIL & GAS | J6: LOCATION: | L6: ='1'!L6 -> NISWA WORKSHOP | Q6: JOB No: | R6: ='1'!R6 -> 0 | W6: DATE:
A8: SPECIFICATION: | B8: DS-1 Vol 4 : | D8: Tool Type: | G8: TYPE A | J8: Classification: | N8: CLASS- A1 | Q8: RIG No: | T8: ='1'!T8 -> N/A | W8: WELL: | Y8: ='1'!Y8 -> N/A
A12: TOOL ID / SERIAL No. | C12: ='1'!C20 -> RS-675001 | M12: TOOL DESCRIPTION | S12: ='1'!S20 -> 6 3/4" Mud Motor
A14: ASSEMBLY PICTURE
A15: ='1'!B25 -> ROTOR ( B x B) | B15: ='1'!A25 -> 0 | D15: ='1'!B27 -> STATOR ( B x B) | H15: ='1'!A27 -> 0 | L15: ='1'!B29 -> BEARING HOUSING ( B x B) | O15: ='1'!A29 -> 0 | T15: ='1'!B31 -> BEARING ADAPTOR ( B x B) | Y15: ='1'!A31 -> 0
A25: ='1'!B33 -> OFFSET HOUSING ( B x B) | B25: ='1'!A33 -> 0 | D25: ='1'!B35 -> STATOR ADAPTOR | H25: ='1'!A35 -> 0 | L25: ='1'!B36 -> SPLINED MANDREL (PxP) | O25: ='1'!A36 -> 0 | T25: ='1'!B38 -> ROTOR ADAPTER | W25: ='1'!A38 -> 0
L26: NOT DISASSEMBLED
A34: ='1'!B39 -> DRIVE SHAFT | B34: ='1'!A39 -> 0 | D34: ='1'!B40 -> ADJUSTING RING | G34: ='1'!A40 -> 0 | L34: ='1'!B41 -> CATCHER ROD | O34: ='1'!A41 -> 0 | T34: ='1'!B42 -> STABILIZER SLEEVE | X34: ='1'!A42 -> 0
A44: ='1'!B43 -> TOP SUB / CATCHER SUB | B44: ='1'!A43 -> 0 | D44: ='1'!B44 -> LOWER ROTATING RADIAL BEARING SLEEVE | H44: ='1'!A44 -> 0 | L44: ='1'!B46 -> UPPER ROTATING RADIAL BEARING SLEEVE | P44: ='1'!A46 -> 0 | S44: ='1'!B48 -> BEARING MANDREL | X44: ='1'!A48 -> 0
D45: ='1'!B45 -> LOWER ROTATING RADIAL BEARING RING | H45: ='1'!A45 -> 0 | L45: ='1'!B47 -> UPPER ROTATING RADIAL BEARING RING | P45: ='1'!A47 -> 0
A54: COMMENTS: | B54: ='1'!B51 -> The above Mentioned Motor parts has been inspected and No Defect Found During inspection
B55: ='1'!B52 -> 0
A58: CUSTOMER SIGNATURE | C58: JIJU JAYAPRASAD | K58: DATE | S58: INSPECTOR | U58: ='1'!U61 -> SHAJIMON P K
